chapter_name,pdf,audios,videos,pdf_progress,audio_progress,video_progress,book_id,order_number,start_page,end_page
مدخل إلى علم الفقه 1,chapters/مدخل إلى علم الفقه 1.pdf,audios/مدخل إلى علم الفقه 1.mp3,https://youtu.be/7JsCnDKc3Sk?si=u7jSqUSmId5AMbx4,12,26,26,1,1,1,12
مدخل إلى علم الفقه 2,chapters/مدخل إلى علم الفقه 2.pdf,audios/مدخل إلى علم الفقه 2.mp3,https://youtu.be/BTKYgsiakB0?si=WA1Tj8DxNo_4f-9n,12,25,25,1,2,13,24
مدخل إلى علم الفقه 3,chapters/مدخل إلى علم الفقه 3.pdf,audios/مدخل إلى علم الفقه 3.mp3,https://youtu.be/ko0zklsFln0?si=ywVpD3oo9GTZ9DKu,13,26,26,1,3,25,37
مدخل إلى علم الفقه 4,chapters/مدخل إلى علم الفقه 4.pdf,audios/مدخل إلى علم الفقه 4.mp3,https://youtu.be/OM0L2wQQePA?si=wYlxDZsLosmWLaOe,11,24,24,1,4,38,48
مدخل إلى علم الفقه 5,chapters/مدخل إلى علم الفقه 5.pdf,audios/مدخل إلى علم الفقه 5.mp3,https://youtu.be/pDqvMiOpwyM?si=e3rTHRO3hW7jm3Kd,7,25,25,1,5,49,55
مدخل إلى علم الفقه 6,chapters/مدخل إلى علم الفقه 6.pdf,audios/مدخل إلى علم الفقه 6.mp3,https://youtu.be/Gy15R7bymAw?si=g6nz4-rQh8K4a3m7,11,24,24,1,6,56,66
مدخل إلى علم الفقه 7,chapters/مدخل إلى علم الفقه 7.pdf,audios/مدخل إلى علم الفقه 7.mp3,https://youtu.be/gJdk5IlPDFU?si=eiIq8ZWQrzLfffQs,12,25,25,1,7,67,78
مدخل إلى علم الفقه 8,chapters/مدخل إلى علم الفقه 8.pdf,audios/مدخل إلى علم الفقه 8.mp3,https://youtu.be/Z9j3GBsYMtA?si=qxY1i3kl5vtrH9OX,10,26,26,1,8,79,88
مدخل إلى علم الفقه 9,chapters/مدخل إلى علم الفقه 9.pdf,audios/مدخل إلى علم الفقه 9.mp3,https://youtu.be/VXE1Iyu3J4M?si=rIAcWgPUaYwUEzR4,10,24,24,1,9,89,98
مدخل إلى علم الفقه 10,chapters/مدخل إلى علم الفقه 10.pdf,audios/مدخل إلى علم الفقه 10.mp3,https://youtu.be/wgG22TzG1jA?si=wTM6wuaiIgyjnqqj,11,25,25,1,10,99,109
مدخل إلى علم الفقه 11,chapters/مدخل إلى علم الفقه 11.pdf,audios/مدخل إلى علم الفقه 11.mp3,https://youtu.be/ioj-jaQ6Uow?si=VspEr3MhCmNGaJsH,10,26,26,1,11,110,119
مدخل إلى علم الفقه 12,chapters/مدخل إلى علم الفقه 12.pdf,audios/مدخل إلى علم الفقه 12.mp3,https://youtu.be/WE9NZbbPE4U?si=jky-e--I4caRD2JU,10,24,24,1,12,120,129
مدخل إلى علم الفقه 13,chapters/مدخل إلى علم الفقه 13.pdf,audios/مدخل إلى علم الفقه 13.mp3,https://youtu.be/fDFIlcfFq3M?si=KDCRIUOVKUyUH_XT,12,28,28,1,13,130,141
مدخل إلى علم الفقه 14,chapters/مدخل إلى علم الفقه 14.pdf,audios/مدخل إلى علم الفقه 14.mp3,https://youtu.be/7bCwoCHXq18?si=sJbl556GJgUZs4q_,13,25,25,1,14,142,154
سوية المؤمن 1,chapters/سوية المؤمن 1.pdf,audios/سوية المؤمن 1.mp3,https://youtu.be/PONJtmfMSqI?si=LlOCpSFiPfow1Gjs,27,95,95,2,1,1,27
سوية المؤمن 2,chapters/سوية المؤمن 2.pdf,audios/سوية المؤمن 2.mp3,https://youtu.be/GWgWDCgebUk?si=P3tvC_E2Nb1-Uopt,24,72,72,2,2,28,51
سوية المؤمن 3,chapters/سوية المؤمن 3.pdf,audios/سوية المؤمن 3.mp3,https://youtu.be/zJ0k2UbWuEc?si=49grz7bhcZjrvtG8,27,83,83,2,3,52,78
سوية المؤمن 4,chapters/سوية المؤمن 4.pdf,audios/سوية المؤمن 4.mp3,https://youtu.be/d5ec-69PXNI?si=_XZd6qbfLPB4X218,30,86,86,2,4,79,108
سوية المؤمن 5,chapters/سوية المؤمن 5.pdf,audios/سوية المؤمن 5.mp3,https://youtu.be/ah2_XpSOKh4?si=xpFUGM6YqNdx1ylM,13,33,33,2,5,109,121
سوية المؤمن 6,chapters/سوية المؤمن 6.pdf,audios/سوية المؤمن 6.mp3,https://youtu.be/QQxtJ-TWXxM?si=ytSHwlHIjlCON61n,26,68,68,2,6,122,147
منهج الاستدلال 1,chapters/منهج الاستدلال 1.pdf,audios/منهج الاستدلال 1.mp3,https://youtu.be/R8y2vjjlzFg?si=l5lrAXdAbqdH7Z4s,27,57,57,3,1,1,27
منهج الاستدلال 2,chapters/منهج الاستدلال 2.pdf,audios/منهج الاستدلال 2.mp3,https://youtu.be/Jfugv-391e0?si=MvrAhKYUKmmU9Fr1,42,85,85,3,2,28,69
منهج الاستدلال 3,chapters/منهج الاستدلال 3.pdf,audios/منهج الاستدلال 3.mp3,https://youtu.be/gzRXPXExNck?si=1UoyydcGAI-FYSP_,32,61,61,3,3,70,101
متن البناء 1,chapters/متن البناء 1.pdf,audios/متن البناء 1.mp3,https://youtu.be/6tqIe4j8IeA?si=fH_23NWW6XIqJ68Z,10,40,40,4,1,1,10
متن البناء 2,chapters/متن البناء 2.pdf,audios/متن البناء 2.mp3,https://youtu.be/yG_wYDMQeeY?si=AQxjCNMeqd8Dt2i6,16,48,48,4,2,11,26
متن البناء 3,chapters/متن البناء 3.pdf,audios/متن البناء 3.mp3,https://youtu.be/iJDM9pApm1k?si=xUF3_zvul7vSHwXK,13,50,50,4,3,27,39
متن البناء 4,chapters/متن البناء 4.pdf,audios/متن البناء 4.mp3,https://youtu.be/wvIHHERlnuA?si=Z7QtC6w0qsuMVDAI,30,53,53,4,4,40,69
متن البناء 5,chapters/متن البناء 5.pdf,audios/متن البناء 5.mp3,https://youtu.be/rgMLzFN7U2I?si=JZrGN1aJW0khxZ_v,15,42,42,4,5,70,84
مدخل إلى فقه الحديث 1,chapters/مدخل إلى فقه الحديث 1.pdf,audios/مدخل إلى فقه الحديث 1.mp3,https://youtu.be/Gw8UBrGofhE?si=AjfBrFUEUPmGCDlQ,20,61,61,5,1,1,20
مدخل إلى فقه الحديث 2,chapters/مدخل إلى فقه الحديث 2.pdf,audios/مدخل إلى فقه الحديث 2.mp3,https://youtu.be/YOxEWcMgtMI?si=KMUChePIqQZJaOYa,24,57,57,5,2,21,44
مدخل إلى فقه الحديث 3,chapters/مدخل إلى فقه الحديث 3.pdf,audios/مدخل إلى فقه الحديث 3.mp3,https://youtu.be/B21miQdZIoc?si=h1uqrLORXs53hQpj,27,64,64,5,3,45,71
مصادر التلقي 1,chapters/مصادر التلقي 1.pdf,audios/مصادر التلقي 1.mp3,https://youtu.be/Al6Ucu-9ANI?si=-zW_0AlpMvYS62bb,26,75,75,6,1,1,26
مصادر التلقي 2,chapters/مصادر التلقي 2.pdf,audios/مصادر التلقي 2.mp3,https://www.youtube.com/channel/UCKEZl-LJ-NIfJbLEV_At1pw,25,71,71,6,2,27,51
مصادر التلقي 3,chapters/مصادر التلقي 3.pdf,audios/مصادر التلقي 3.mp3,https://youtu.be/PyCSas3NCew?si=_5dQ-pMYJBYnjqmj,25,57,57,6,3,52,76
مصادر التلقي 4,chapters/مصادر التلقي 4.pdf,audios/مصادر التلقي 4.mp3,https://youtu.be/vyPuuE9hWQM?si=drxuJeIZrSyfL6ow,32,70,70,6,4,77,108
مصادر التلقي 5,chapters/مصادر التلقي 5.pdf,audios/مصادر التلقي 5.mp3,https://youtu.be/j_5OqSI4nlM?si=QXtxb4gfaqX5tuz2,13,29,29,6,5,109,121
مصادر التلقي 6,chapters/مصادر التلقي 6.pdf,audios/مصادر التلقي 6.mp3,https://youtu.be/8fR0R5DZyNk?si=iJgpb176TLLpHnR_,39,79,79,6,6,122,160
مصادر التلقي 7,chapters/مصادر التلقي 7.pdf,audios/مصادر التلقي 7.mp3,https://youtu.be/u0DFCRPLOtg?si=CHjz2r_pPIwFOyAy,29,79,79,6,7,161,189
السيرة النبوية للمصلحين 1,chapters/السيرة النبوية للمصلحين 1.pdf,audios/السيرة النبوية للمصلحين 1.mp3,https://youtu.be/bVfbrn_bHaM?si=SvjGwl31NYGjaVom,28,57,57,7,1,1,28
السيرة النبوية للمصلحين 2,chapters/السيرة النبوية للمصلحين 2.pdf,audios/السيرة النبوية للمصلحين 2.mp3,https://youtu.be/S0Lr3fTEJBI?si=IDsLrl1HyRfs76HR,14,34,34,7,2,29,42
السيرة النبوية للمصلحين 3,chapters/السيرة النبوية للمصلحين 3.pdf,audios/السيرة النبوية للمصلحين 3.mp3,https://youtu.be/2qmWjJCgz6I?si=zlJXxbweEOkc_HSZ,15,30,30,7,3,43,57
السيرة النبوية للمصلحين 4,chapters/السيرة النبوية للمصلحين 4.pdf,audios/السيرة النبوية للمصلحين 4.mp3,https://youtu.be/Jw95vEKf-zE?si=iasdJs5AdT7m7hBi,21,44,44,7,4,58,78
السيرة النبوية للمصلحين 5,chapters/السيرة النبوية للمصلحين 5.pdf,audios/السيرة النبوية للمصلحين 5.mp3,https://youtu.be/LwFaaL370ao?si=sZMdCi35SgrjxgkX,20,46,46,7,5,79,98
السيرة النبوية للمصلحين 6,chapters/السيرة النبوية للمصلحين 6.pdf,audios/السيرة النبوية للمصلحين 6.mp3,https://youtu.be/Vz30WUUlYmQ?si=lOmOHODkvk7kCN7v,17,34,34,7,6,99,115
السيرة النبوية للمصلحين 7,chapters/السيرة النبوية للمصلحين 7.pdf,audios/السيرة النبوية للمصلحين 7.mp3,https://youtu.be/D08i5HfNy4k?si=UMZejPEVRYUFz5ER,17,40,40,7,7,116,132
السيرة النبوية للمصلحين 8,chapters/السيرة النبوية للمصلحين 8.pdf,audios/السيرة النبوية للمصلحين 8.mp3,https://youtu.be/qeyWgxgUOP0?si=d_tRJ8uqmnnWg5eY,20,42,42,7,8,133,152
السيرة النبوية للمصلحين 9,chapters/السيرة النبوية للمصلحين 9.pdf,audios/السيرة النبوية للمصلحين 9.mp3,https://youtu.be/j-JG1_CM8Yc?si=bNOdqyxNES74FODZ,19,45,45,7,9,153,171
السيرة النبوية للمصلحين 10,chapters/السيرة النبوية للمصلحين 10.pdf,audios/السيرة النبوية للمصلحين 10.mp3,https://youtu.be/BYbysdwlikA?si=J76uHJXi03RtaFjU,18,43,43,7,10,172,189
السيرة النبوية للمصلحين 11,chapters/السيرة النبوية للمصلحين 11.pdf,audios/السيرة النبوية للمصلحين 11.mp3,https://youtu.be/_rsEnDA2nuw?si=EsOK4O-SV6kaXGID,18,36,36,7,11,190,207
السيرة النبوية للمصلحين 12,chapters/السيرة النبوية للمصلحين 12.pdf,audios/السيرة النبوية للمصلحين 12.mp3,https://youtu.be/EjMMOC1WyA8?si=cdhMKcfeBXvbGi2q,20,44,44,7,12,208,227
السيرة النبوية للمصلحين 13,chapters/السيرة النبوية للمصلحين 13.pdf,audios/السيرة النبوية للمصلحين 13.mp3,https://youtu.be/FQjrI_UmHDU?si=Geo8yMIxlV5WszwN,23,47,47,7,13,228,250
السيرة النبوية للمصلحين 14,chapters/السيرة النبوية للمصلحين 14.pdf,audios/السيرة النبوية للمصلحين 14.mp3,https://youtu.be/Ze7Pl1pjCuk?si=CGSKbcbDwZZvsJvq,21,45,45,7,14,251,271
السيرة النبوية للمصلحين 15,chapters/السيرة النبوية للمصلحين 15.pdf,audios/السيرة النبوية للمصلحين 15.mp3,https://youtu.be/sMvk9kE94uE?si=5mvTP6jbwrLJTT0m,19,44,44,7,15,272,290
السيرة النبوية للمصلحين 16,chapters/السيرة النبوية للمصلحين 16.pdf,audios/السيرة النبوية للمصلحين 16.mp3,https://youtu.be/Reg6oI7LWnM?si=kWTzZ9gDMEUA3f3g,31,54,54,7,16,291,321
السيرة النبوية للمصلحين 17,chapters/السيرة النبوية للمصلحين 17.pdf,audios/السيرة النبوية للمصلحين 17.mp3,https://youtu.be/OtUHXHbR2no?si=dJpf2aIKh6fPsge0,24,49,49,7,17,322,345
السيرة النبوية للمصلحين 18,chapters/السيرة النبوية للمصلحين 18.pdf,audios/السيرة النبوية للمصلحين 18.mp3,https://youtu.be/ZkWI678KurI?si=pCy5TgifH1-t3Gv6,25,59,59,7,18,346,370
السيرة النبوية للمصلحين 19,chapters/السيرة النبوية للمصلحين 19.pdf,audios/السيرة النبوية للمصلحين 19.mp3,https://youtu.be/cD6TFA7BK10?si=I4Z-HgvY4h8TJPHw,19,49,49,7,19,371,389
السيرة النبوية للمصلحين 20,chapters/السيرة النبوية للمصلحين 20.pdf,audios/السيرة النبوية للمصلحين 20.mp3,https://youtu.be/ntmZwfsK7QE?si=ktrYWTjEpUGz34dV,35,88,88,7,20,390,424
السيرة النبوية للمصلحين 21,chapters/السيرة النبوية للمصلحين 21.pdf,audios/السيرة النبوية للمصلحين 21.mp3,https://youtu.be/DN4OCJRAQPs?si=n5EacX5aN7KgGD4L,28,64,64,7,21,425,452
السيرة النبوية للمصلحين 22,chapters/السيرة النبوية للمصلحين 22.pdf,audios/السيرة النبوية للمصلحين 22.mp3,https://youtu.be/lJhpstRH6HM?si=CQIqUfJIf3Mhp3Zn,14,42,42,7,22,453,466
السيرة النبوية للمصلحين 23,chapters/السيرة النبوية للمصلحين 23.pdf,audios/السيرة النبوية للمصلحين 23.mp3,https://youtu.be/KEEe81Waojg?si=TMsTLtYcnIhZfb6g,16,42,42,7,23,467,482
السيرة النبوية للمصلحين 24,chapters/السيرة النبوية للمصلحين 24.pdf,audios/السيرة النبوية للمصلحين 24.mp3,https://youtu.be/V5WorbklfRg?si=NxzYVwBEw7No7NiE,17,33,33,7,24,483,499
السيرة النبوية للمصلحين 25,chapters/السيرة النبوية للمصلحين 25.pdf,audios/السيرة النبوية للمصلحين 25.mp3,https://youtu.be/smuq30imR5g?si=QAXATkJCWSpWP_3e,15,30,30,7,25,500,514
السيرة النبوية للمصلحين 26,chapters/السيرة النبوية للمصلحين 26.pdf,audios/السيرة النبوية للمصلحين 26.mp3,https://youtu.be/pQBZ-k980K8?si=E7wng6s0mG-T_SsU,29,65,65,7,26,515,543
السيرة النبوية للمصلحين 27,chapters/السيرة النبوية للمصلحين 27.pdf,audios/السيرة النبوية للمصلحين 27.mp3,https://youtu.be/C14Cz9FBZgY?si=sslQW9j4mgmwy0sr,13,34,34,7,27,544,556
السيرة النبوية للمصلحين 28,chapters/السيرة النبوية للمصلحين 28.pdf,audios/السيرة النبوية للمصلحين 28.mp3,https://youtu.be/xYvg6Kj6Jzw?si=rkXvRyyyezwzNvDS,14,33,33,7,28,557,570
السيرة النبوية للمصلحين 29,chapters/السيرة النبوية للمصلحين 29.pdf,audios/السيرة النبوية للمصلحين 29.mp3,https://youtu.be/ZUkaKp5FoiQ?si=0prkpDoXfzINUOgb,12,28,28,7,29,571,582
السيرة النبوية للمصلحين 30,chapters/السيرة النبوية للمصلحين 30.pdf,audios/السيرة النبوية للمصلحين 30.mp3,https://youtu.be/RZZ5e8UDnmk?si=oveGIzEsCQJCerEy,25,50,50,7,30,583,607
السيرة النبوية للمصلحين 31,chapters/السيرة النبوية للمصلحين 31.pdf,audios/السيرة النبوية للمصلحين 31.mp3,https://youtu.be/IxfEd1Fa9Xw?si=Ec3AoAyW872E5_7e,25,58,58,7,31,608,632
السيرة النبوية للمصلحين 32,chapters/السيرة النبوية للمصلحين 32.pdf,audios/السيرة النبوية للمصلحين 32.mp3,https://youtu.be/ZQsUMb8dbuU?si=nWgKUlDe4hoEc5Bi,40,111,111,7,32,633,672
شرح متن المعين 1,chapters/شرح متن المعين 1.pdf,audios/شرح متن المعين 1.mp3,https://youtu.be/wUdzWjM3a_E?si=kR_nPlerHhzcg95c,13,43,43,8,1,1,13
شرح متن المعين 2,chapters/شرح متن المعين 2.pdf,audios/شرح متن المعين 2.mp3,https://youtu.be/MUqPF01qpyM?si=4gAb0MbvW03k5oUp,7,30,30,8,2,14,20
شرح متن المعين 3,chapters/شرح متن المعين 3.pdf,audios/شرح متن المعين 3.mp3,https://youtu.be/KlWDIGS48cw?si=vEhsSXNuHaMluCxx,9,44,44,8,3,21,29
 شرح متن المعين 4,chapters/شرح متن المعين 4.pdf,audios/شرح متن المعين 4.mp3,https://youtu.be/mnJCMNQSP7Q?si=Wk7f8asGHR70jZra,9,42,42,8,4,30,38
شرح متن المعين 5,chapters/شرح متن المعين 5.pdf,audios/شرح متن المعين 5.mp3,https://youtu.be/So0wdzKe0-4?si=j6ZzsrFDWlMLIpxQ,7,21,21,8,5,39,45
شرح متن المعين 6,chapters/شرح متن المعين 6.pdf,audios/شرح متن المعين 6.mp3,https://youtu.be/446ZWs_l9i0?si=MKISpT1tmiD9BstC,7,26,26,8,6,46,52
شرح متن المعين 7,chapters/شرح متن المعين 7.pdf,audios/شرح متن المعين 7.mp3,https://youtu.be/9lg5Jgwhbvc?si=zmiOUbxNnJUI2uRO,7,23,23,8,7,53,59
